{
  "produits": [
    {
      "id": "1",
      "nom": "PC PORTABLE 1ASUS TUF505DS /",
      "quantite": 300333,
      "prix": 5544,
      "image": "./assets/ordi.jpg"
    },
    {
      "id": 3,
      "nom": "Redmi note 11",
      "prix": 1400,
      "quantite": 0,
      "image": "./assets/phone.jpeg"
    },
    {
      "nom": "Imprimante ",
      "quantite": "55",
      "prix": "4500",
      "image": "./assets/imp.jpg",
      "id": 4
    },
    {
      "nom": " Smart Tv",
      "quantite": "55",
      "prix": "2000",
      "image": "./assets/tv.png",
      "id": 5
    },
    {
      "nom": "SOURIS ",
      "quantite": "55",
      "prix": "5000",
      "image": "./assets/images.jpg",
      "id": 7
    },
    {
      "nom": "IPHON 13pro max",
      "quantite": "55",
      "prix": "5000",
      "image": "./assets/iphon.png",
      "id": 9
    }
  ],
  "signup": [
    {
      "email": null,
      "password": null,
      "PhoneNumber": null,
      "id": 6
    },
    {
      "email": "admin@gmail.com",
      "password": "admin",
      "PhoneNumber": "25648",
      "id": 7
    },
    {
      "email": "admin@gmail.com",
      "password": "123",
      "PhoneNumber": "123",
      "id": 8
    },
    {
      "email": "admin12@gmail.com",
      "password": "1234",
      "PhoneNumber": "4556",
      "id": 9
    },
    {
      "email": "admin12@gmail.com",
      "password": "1234",
      "PhoneNumber": "1223",
      "id": 10
    }
  ]
}